On Hotels Oceanfront,36.998177,-6.554528
Gran Hotel del Coto,36.984917,-6.528674
Hotel La Malvasia,37.128357,-6.480261
Ohtels Carabela Beach & Golf Hotel,37.004234,-6.552849
ALEGRIA El Cortijo,37.00718,-6.552978
Hotel Toruno,37.128555,-6.48278
Apartamentos Playa Golf,36.996113,-6.547348
Hotel Palacio Do単ana,37.12894,-6.478257
Hotel Donana Blues,36.99269,-6.5305
Hotel Barrio Nuevo,36.9181,-6.08073
Acebuchal 23,37.1288,-6.4829
Hotel Flamero,37.001118,-6.557669
Hostal Manolo,36.993553,-6.532788
Dunas de Do単ana Golf Resort,37.000614,-6.545636
Hostal Victoria,36.99397,-6.53091
Hostal San Benito,36.9213,-6.06825
Hostal Rte. Casa Miguel,37.011078,-6.564177
Hostal Bar Mellizo,36.91726,-6.08125
Cortijo Alguaciles Bajos,37.03077,-5.99645
Hotel Cortijo Soto Real,37.03085,-5.99708
Carbella Club,37.00319,-6.55283
Apartamentos Matalasca単as,36.99447,-6.54106
Apartamentos Rodriguez,36.99335,-6.53013
Pension Cristina,37.12954,-6.48299
Hotel Matalasca単as Golf,37.01005,-6.56122
Hostal-Bar Cotero,36.92359,-6.0815
Toruno Del Rocio,37.12846,-6.48269
Aparthotel El Rocio,36.994064,-6.534073
Hostal Renaul,36.92756,-6.07141
Casa Rural Arenas de El Rocio,37.12906,-6.48124
LB Lebrija Hotel,36.919304,-6.064729
Hostal Los Tamarindos,37.00814,-6.5645
Pension El Duque,37.00814,-6.5645
Posada El Pinar,37.0101,-6.56099
Hotel La Gaviota,37.00984,-6.56094
