1,http://www.meneame.net/story/retirado-cuadro-apostol-santiago-iglesia-membrilla-sexy
1,http://www.meneame.net/story/primera-plataforma-espana-denunciar-apple-obsolescencia
1,http://www.meneame.net/story/revuelta-estudiantil-ies-lebrija-defensa-profesor-denunciado
1,http://www.meneame.net/story/esculturas-desafiando-gravedad-eng
1,http://www.meneame.net/story/dia-maquinas-causaron-crisis-mercados
1,http://www.meneame.net/story/nuestros-hijos-puta-1
1,http://www.meneame.net/story/neandertales-usaron-fuego-fabricar-herramientas-madera
1,http://www.meneame.net/story/sandulache-proxenetas-obligaban-esclavas-comer-dinero-no-hacian
1,http://www.meneame.net/story/cientos-iglesias-castillos-ruinas-abandono-rural-ya-nadie-cuida
1,http://www.meneame.net/story/trapicheos-doctor-vazquez-seis-anos-enganando-sanidad-pacientes
1,http://www.meneame.net/story/opel-desastre-nuestra-industria
1,http://www.meneame.net/story/irrumpen-hospital-linea-liberar-delincuente-detenido
1,http://www.meneame.net/story/red-secreta-hoteles-historicos-inglaterra-eng
1,http://www.meneame.net/story/propulsor-central-falcon-heavy-estrella-aterrizar
1,http://www.meneame.net/story/guerra-hispano-estadounidense-vinetas
1,http://www.meneame.net/story/francia-prohibe-uso-movil-coche-incluso-estando-parado
1,http://www.meneame.net/story/suicidio-tabu-siglo-xxi
1,http://www.meneame.net/story/lanzas-schoningen-armas-mas-antiguas-conocidas-fabricadas
1,http://www.meneame.net/story/exito-huelga-metal-aleman-subida-salarial-4-3-jornadas-28-horas
1,http://www.meneame.net/story/vista-directo-sombre-espacial
1,http://www.meneame.net/story/desde-mafia-mafia
1,http://www.meneame.net/story/lanzamiento-directo-falcon-heavy-live-eng
1,http://www.meneame.net/story/spacex-ha-vuelto-hacer-historia-primer-lanzamiento-falcon-heavy
1,http://www.meneame.net/story/tres-mujeres-rechazaron-presentar-goya-porque-no-podian-no
1,http://www.meneame.net/story/arte-reparar-libros-edad-media
